"","model.name","Rhat","Neff"
"1","brho_w1",1.00067234717963,3709.50906190492
"2","brho_w0.75",1.00060688440624,3171.76786182262
"3","brho_w0.6",1.00160249972612,3194.25976224132
