"","model.name","Rhat","Neff"
"1","acam_w1",1.00095305454772,3659.7294328131
"2","acam_w0.75",1.00108776932916,3768.73489238627
"3","acam_w0.6",1.00279258127722,3446.60697325781
