"","model.name","Rhat","Neff"
"1","brho_w1",1.00066353212658,4851.65495685744
"2","brho_w0.75",1.00064771513665,5015.7984127313
"3","brho_w0.6",1.00051563235895,3928.49413615492
