"","model.name","Rhat","Neff"
"1","acam_w1",1.00127432993672,3565.00023451794
"2","acam_w0.75",1.00100978956124,3756.78499809807
"3","acam_w0.6",1.00124501018447,3521.77642100048
