"","model.name","Rhat","Neff"
"1","acam_w1",1.00101646575169,3518.67697862807
"2","acam_w0.75",1.00027308111804,3279.02079242766
"3","acam_w0.6",1.00049275784713,3677.8004660451
