"","model.name","Rhat","Neff"
"1","brho_w1",1.00118704769651,3327.10226006581
"2","brho_w0.75",1.00256962245715,3164.39972594669
"3","brho_w0.6",1.0008053769156,3503.72888564464
