"","model.name","Rhat","Neff"
"1","brho_w1",1.00029992315157,10606.2744224236
"2","brho_w0.75",1.00035397882776,8771.91176646301
"3","brho_w0.6",1.00074746019798,8824.53854803063
