"","model.name","Rhat","Neff"
"1","acam_w1",1.00163136399781,1157.84324822618
"2","acam_w0.75",1.00070120137417,6213.64402684213
"3","acam_w0.6",1.00307192560451,1751.60761852841
