"","model.name","Rhat","Neff"
"1","brho_w1",1.00031958645555,13678.849848807
"2","brho_w0.75",1.00026920149054,13378.9128044551
"3","brho_w0.6",1.00046534660155,11397.3082109192
