"","model.name","Rhat","Neff"
"1","brho_w1",1.00132728798501,2547.54041949717
"2","brho_w0.75",1.00071945277931,2020.00894576562
"3","brho_w0.6",1.00131756986083,2395.64210515304
