"","model.name","Rhat","Neff"
"1","acam_w1",1.00221874009969,1891.03765863606
"2","acam_w0.75",1.00170749477224,2009.81968909074
"3","acam_w0.6",1.0012467254059,2296.15140562028
